n_nodes,m,num_actions,time_classical,time_incremental,speedup,correct,max_diff
50,3,608.0,0.5112292766571045,0.20136213302612305,2.53885509144255,True,0
100,3,820.0,3.275006055831909,1.0862703323364258,3.014908865998207,True,0
200,3,1252.0,18.685359477996826,5.752103805541992,3.24843919888824,True,0
300,3,1739.0,60.34652137756348,15.46609377861023,3.901859269793343,True,0
400,3,2062.0,110.87114381790161,21.40092444419861,5.180670774619585,True,0
