n_nodes,m,num_actions,time_classical,time_incremental,speedup,correct,max_diff
50,2,499.6666666666667,0.508321205774943,0.19748417536417642,2.5739844969226446,False,0.0005285412262156439
100,2,697.3333333333334,2.435661792755127,0.9495930671691895,2.5649532172934073,False,0.000366300366300365
200,2,1012.0,13.645878394444784,4.888457139333089,2.791448918442687,True,0
300,3,1663.6666666666667,59.54319945971171,14.295244216918945,4.165245347067254,True,0
400,3,2114.0,120.97126372655232,28.158373594284058,4.296102660954417,False,1.281854073732205e-05
500,3,2448.3333333333335,205.60348439216614,36.98519619305929,5.559075131545471,True,0
